TransactionID,CustomerID,ProductID,TransactionDate,Quantity,TotalValue,Price
T00001,C0199,P067,30-12-2023 15:29,1,300.68,300.68
T00112,C0146,P067,31-12-2023 03:27,1,300.68,300.68
T00166,C0127,P067,31-12-2023 06:53,1,300.68,300.68
T00272,C0087,P067,31-12-2023 15:44,2,601.36,300.68
T00363,C0070,P067,01-01-2024 03:54,3,902.04,300.68
T00442,C0188,P067,01-01-2024 10:21,1,300.68,300.68
T00490,C0195,P067,01-01-2024 14:29,3,902.04,300.68
T00536,C0008,P067,01-01-2024 16:46,1,300.68,300.68
T00564,C0157,P067,02-01-2024 11:26,3,902.04,300.68
T00631,C0130,P067,02-01-2024 11:54,2,601.36,300.68
T00727,C0051,P067,02-01-2024 15:02,3,902.04,300.68
T00729,C0075,P067,02-01-2024 19:11,2,601.36,300.68
T00797,C0155,P067,03-01-2024 02:43,2,601.36,300.68
T00002,C0092,P034,03-01-2024 04:06,2,434.1,217.05
T00063,C0088,P034,03-01-2024 16:57,2,434.1,217.05
T00093,C0109,P034,03-01-2024 18:25,4,868.2,217.05
T00127,C0041,P034,04-01-2024 07:47,4,868.2,217.05
T00270,C0101,P034,04-01-2024 14:19,3,651.15,217.05
T00358,C0154,P034,04-01-2024 16:40,1,217.05,217.05
T00518,C0200,P034,04-01-2024 21:05,4,868.2,217.05
T00546,C0049,P034,05-01-2024 13:14,1,217.05,217.05
T00982,C0103,P034,05-01-2024 18:43,1,217.05,217.05
T00003,C0028,P057,06-01-2024 13:22,4,958.8,239.7
T00013,C0183,P057,06-01-2024 21:49,4,958.8,239.7
T00017,C0087,P057,06-01-2024 22:00,4,958.8,239.7
T00046,C0190,P057,07-01-2024 09:51,4,958.8,239.7
T00091,C0200,P057,07-01-2024 14:19,1,239.7,239.7
T00161,C0055,P057,07-01-2024 16:11,2,479.4,239.7
T00184,C0188,P057,08-01-2024 11:31,2,479.4,239.7
T00218,C0148,P057,08-01-2024 13:41,3,719.1,239.7
T00417,C0035,P057,08-01-2024 16:14,3,719.1,239.7
T00492,C0120,P057,09-01-2024 11:00,3,719.1,239.7
T00605,C0017,P057,09-01-2024 11:36,4,958.8,239.7
T00615,C0145,P057,09-01-2024 13:32,2,479.4,239.7
T00619,C0028,P057,09-01-2024 16:35,2,479.4,239.7
T00703,C0092,P057,11-01-2024 06:02,3,719.1,239.7
T00962,C0188,P057,11-01-2024 09:47,2,479.4,239.7
T00004,C0004,P049,11-01-2024 14:19,4,591.8,147.95
T00105,C0087,P049,12-01-2024 03:22,3,443.85,147.95
T00136,C0010,P049,12-01-2024 10:17,2,295.9,147.95
T00237,C0065,P049,12-01-2024 17:34,2,295.9,147.95
T00239,C0132,P049,12-01-2024 20:20,2,295.9,147.95
T00310,C0068,P049,13-01-2024 00:48,2,295.9,147.95
T00470,C0123,P049,13-01-2024 04:52,1,147.95,147.95
T00551,C0018,P049,13-01-2024 09:31,3,443.85,147.95
T00563,C0064,P049,13-01-2024 10:46,1,147.95,147.95
T00567,C0121,P049,13-01-2024 11:31,2,295.9,147.95
T00620,C0041,P049,14-01-2024 03:22,4,591.8,147.95
T00650,C0070,P049,14-01-2024 04:59,4,591.8,147.95
T00818,C0161,P049,15-01-2024 07:06,1,147.95,147.95
T00923,C0173,P049,16-01-2024 00:42,1,147.95,147.95
T00970,C0132,P049,16-01-2024 11:22,4,591.8,147.95
T00005,C0150,P087,16-01-2024 15:56,2,580.34,290.17
T00037,C0176,P087,16-01-2024 18:52,4,1160.68,290.17
T00206,C0167,P087,17-01-2024 01:36,2,580.34,290.17
T00208,C0184,P087,17-01-2024 03:47,1,290.17,290.17
T00485,C0184,P087,17-01-2024 09:48,1,290.17,290.17
T00488,C0034,P087,17-01-2024 10:01,2,580.34,290.17
T00497,C0053,P087,17-01-2024 12:40,4,1160.68,290.17
T00684,C0102,P087,17-01-2024 18:31,1,290.17,290.17
T00846,C0134,P087,17-01-2024 19:40,4,1160.68,290.17
T00875,C0086,P087,18-01-2024 01:32,2,580.34,290.17
T00880,C0036,P087,18-01-2024 09:04,3,870.51,290.17
T00953,C0056,P087,18-01-2024 15:08,2,580.34,290.17
T00006,C0076,P053,18-01-2024 16:04,3,824.82,274.94
T00010,C0194,P053,19-01-2024 03:12,1,274.94,274.94
T00175,C0146,P053,20-01-2024 04:23,3,824.82,274.94
T00269,C0124,P053,20-01-2024 04:52,4,1099.76,274.94
T00293,C0053,P053,20-01-2024 12:30,3,824.82,274.94
T00568,C0065,P053,20-01-2024 17:46,1,274.94,274.94
T00602,C0024,P053,21-01-2024 08:08,1,274.94,274.94
T00744,C0004,P053,21-01-2024 13:21,4,1099.76,274.94
T00952,C0139,P053,21-01-2024 22:41,1,274.94,274.94
T00968,C0133,P053,22-01-2024 02:25,4,1099.76,274.94
T00007,C0173,P023,22-01-2024 14:14,4,1818.12,454.53
T00089,C0076,P023,22-01-2024 19:36,1,454.53,454.53
T00158,C0012,P023,22-01-2024 19:40,2,909.06,454.53
T00349,C0184,P023,23-01-2024 07:39,1,454.53,454.53
T00455,C0128,P023,23-01-2024 12:53,1,454.53,454.53
T00501,C0158,P023,24-01-2024 02:35,3,1363.59,454.53
T00721,C0012,P023,24-01-2024 06:58,3,1363.59,454.53
T00749,C0133,P023,24-01-2024 09:21,2,909.06,454.53
T00997,C0164,P023,24-01-2024 16:03,4,1818.12,454.53
T00008,C0067,P069,24-01-2024 18:23,1,100.81,100.81
T00035,C0142,P069,24-01-2024 21:50,2,201.62,100.81
T00140,C0121,P069,25-01-2024 09:29,2,201.62,100.81
T00187,C0032,P069,25-01-2024 14:28,1,100.81,100.81
T00194,C0063,P069,26-01-2024 05:19,1,100.81,100.81
T00228,C0113,P069,26-01-2024 22:34,2,201.62,100.81
T00232,C0136,P069,27-01-2024 06:14,3,302.43,100.81
T00355,C0017,P069,27-01-2024 16:35,2,201.62,100.81
T00448,C0194,P069,27-01-2024 21:34,2,201.62,100.81
T00561,C0172,P069,28-01-2024 04:10,1,100.81,100.81
T00828,C0068,P069,28-01-2024 04:32,4,403.24,100.81
T00852,C0125,P069,28-01-2024 09:13,3,302.43,100.81
T00009,C0086,P095,28-01-2024 18:40,4,909.04,227.26
T00155,C0002,P095,29-01-2024 11:31,2,454.52,227.26
T00644,C0008,P095,29-01-2024 19:25,1,227.26,227.26
T00685,C0017,P095,30-01-2024 00:57,2,454.52,227.26
T00800,C0122,P095,30-01-2024 13:30,3,681.78,227.26
T00961,C0109,P095,30-01-2024 17:23,3,681.78,227.26
T00965,C0071,P095,30-01-2024 22:40,4,909.04,227.26
T00011,C0162,P062,31-01-2024 01:11,1,374.16,374.16
T00041,C0141,P062,31-01-2024 07:07,4,1496.64,374.16
T00146,C0155,P062,31-01-2024 08:26,2,748.32,374.16
T00190,C0156,P062,31-01-2024 09:08,2,748.32,374.16
T00221,C0188,P062,31-01-2024 11:17,4,1496.64,374.16
T00230,C0064,P062,31-01-2024 14:10,1,374.16,374.16
T00364,C0183,P062,31-01-2024 15:36,2,748.32,374.16
T00533,C0191,P062,31-01-2024 19:34,4,1496.64,374.16
T00570,C0147,P062,31-01-2024 19:48,1,374.16,374.16
T00640,C0087,P062,01-02-2024 08:58,3,1122.48,374.16
T00649,C0028,P062,01-02-2024 14:24,3,1122.48,374.16
T00664,C0138,P062,01-02-2024 15:50,4,1496.64,374.16
T00692,C0153,P062,01-02-2024 19:05,2,748.32,374.16
T00723,C0043,P062,02-02-2024 02:54,2,748.32,374.16
T00725,C0135,P062,02-02-2024 14:46,2,748.32,374.16
T00944,C0122,P062,03-02-2024 08:15,2,748.32,374.16
T00012,C0091,P041,04-02-2024 00:31,4,1825.12,456.28
T00034,C0168,P041,04-02-2024 07:33,4,1825.12,456.28
T00094,C0012,P041,04-02-2024 07:44,4,1825.12,456.28
T00231,C0069,P041,04-02-2024 15:35,2,912.56,456.28
T00236,C0184,P041,05-02-2024 07:45,1,456.28,456.28
T00261,C0125,P041,05-02-2024 18:18,2,912.56,456.28
T00343,C0173,P041,05-02-2024 19:46,1,456.28,456.28
T00482,C0066,P041,06-02-2024 03:27,4,1825.12,456.28
T00589,C0186,P041,06-02-2024 14:46,1,456.28,456.28
T00597,C0023,P041,06-02-2024 15:02,3,1368.84,456.28
T00881,C0101,P041,06-02-2024 16:22,3,1368.84,456.28
T00014,C0105,P060,06-02-2024 22:06,1,155.65,155.65
T00392,C0072,P060,07-02-2024 01:32,4,622.6,155.65
T00405,C0093,P060,07-02-2024 04:03,2,311.3,155.65
T00452,C0009,P060,07-02-2024 14:37,1,155.65,155.65
T00642,C0162,P060,07-02-2024 20:28,4,622.6,155.65
T00768,C0083,P060,08-02-2024 03:30,1,155.65,155.65
T00015,C0001,P054,08-02-2024 14:20,2,114.6,57.3
T00053,C0039,P054,08-02-2024 17:57,3,171.9,57.3
T00203,C0124,P054,08-02-2024 22:57,4,229.2,57.3
T00210,C0165,P054,10-02-2024 12:35,2,114.6,57.3
T00262,C0143,P054,12-02-2024 03:10,1,57.3,57.3
T00327,C0165,P054,12-02-2024 08:14,2,114.6,57.3
T00395,C0038,P054,12-02-2024 15:27,3,171.9,57.3
T00423,C0019,P054,12-02-2024 17:27,3,171.9,57.3
T00581,C0083,P054,13-02-2024 06:45,2,114.6,57.3
T00634,C0073,P054,13-02-2024 16:15,4,229.2,57.3
T00699,C0156,P054,13-02-2024 23:56,3,171.9,57.3
T00784,C0047,P054,14-02-2024 14:25,3,171.9,57.3
T00808,C0190,P054,15-02-2024 04:29,4,229.2,57.3
T00873,C0086,P054,15-02-2024 07:07,4,229.2,57.3
T00884,C0171,P054,15-02-2024 17:18,3,171.9,57.3
T00926,C0181,P054,16-02-2024 11:29,3,171.9,57.3
T00016,C0072,P070,16-02-2024 14:52,2,97.38,48.69
T00087,C0108,P070,16-02-2024 19:58,1,48.69,48.69
T00098,C0090,P070,17-02-2024 04:23,3,146.07,48.69
T00281,C0126,P070,17-02-2024 18:50,1,48.69,48.69
T00750,C0056,P070,18-02-2024 00:12,4,194.76,48.69
T00762,C0106,P070,18-02-2024 02:50,4,194.76,48.69
T00018,C0166,P010,18-02-2024 05:49,3,1050.39,350.13
T00068,C0088,P010,20-02-2024 06:00,3,1050.39,350.13
T00243,C0069,P010,20-02-2024 09:22,2,700.26,350.13
T00276,C0113,P010,21-02-2024 04:21,3,1050.39,350.13
T00292,C0086,P010,21-02-2024 11:11,2,700.26,350.13
T00315,C0125,P010,21-02-2024 15:52,3,1050.39,350.13
T00372,C0192,P010,21-02-2024 18:51,1,350.13,350.13
T00516,C0074,P010,21-02-2024 23:48,1,350.13,350.13
T00710,C0162,P010,22-02-2024 14:01,1,350.13,350.13
T00830,C0048,P010,22-02-2024 15:13,2,700.26,350.13
T00986,C0122,P010,22-02-2024 18:44,2,700.26,350.13
T00019,C0006,P040,22-02-2024 21:46,2,306.38,153.19
T00137,C0142,P040,23-02-2024 05:08,4,612.76,153.19
T00347,C0139,P040,23-02-2024 13:28,2,306.38,153.19
T00359,C0048,P040,24-02-2024 09:30,4,612.76,153.19
T00406,C0171,P040,24-02-2024 12:09,2,306.38,153.19
T00538,C0119,P040,24-02-2024 20:08,2,306.38,153.19
T00637,C0184,P040,25-02-2024 03:48,3,459.57,153.19
T00704,C0186,P040,25-02-2024 14:08,4,612.76,153.19
T00910,C0071,P040,25-02-2024 18:56,1,153.19,153.19
T00930,C0193,P040,27-02-2024 16:09,2,306.38,153.19
T00936,C0148,P040,27-02-2024 16:51,4,612.76,153.19
T00993,C0027,P040,27-02-2024 18:25,2,306.38,153.19
T00995,C0191,P040,27-02-2024 22:16,4,612.76,153.19
T00020,C0153,P007,28-02-2024 06:05,4,1680.6,420.15
T00163,C0101,P007,28-02-2024 07:44,4,1680.6,420.15
T00204,C0161,P007,28-02-2024 10:16,2,840.3,420.15
T00309,C0103,P007,28-02-2024 14:14,2,840.3,420.15
T00421,C0047,P007,28-02-2024 16:08,1,420.15,420.15
T00565,C0156,P007,29-02-2024 01:45,2,840.3,420.15
T00741,C0079,P007,29-02-2024 03:49,2,840.3,420.15
T00945,C0193,P007,01-03-2024 16:19,3,1260.45,420.15
T00021,C0145,P038,02-03-2024 16:59,2,294.44,147.22
T00032,C0109,P038,03-03-2024 06:11,4,588.88,147.22
T00251,C0004,P038,03-03-2024 09:40,3,441.66,147.22
T00323,C0082,P038,04-03-2024 04:39,4,588.88,147.22
T00374,C0181,P038,04-03-2024 05:11,2,294.44,147.22
T00432,C0065,P038,04-03-2024 22:09,3,441.66,147.22
T00434,C0025,P038,05-03-2024 04:58,4,588.88,147.22
T00726,C0111,P038,05-03-2024 10:46,1,147.22,147.22
T00728,C0160,P038,05-03-2024 18:21,1,147.22,147.22
T00785,C0159,P038,05-03-2024 23:39,1,147.22,147.22
T00814,C0093,P038,06-03-2024 01:55,1,147.22,147.22
T00863,C0008,P038,07-03-2024 03:54,1,147.22,147.22
T00913,C0117,P038,07-03-2024 21:09,1,147.22,147.22
T00022,C0061,P085,08-03-2024 09:48,3,1249.05,416.35
T00052,C0090,P085,09-03-2024 04:58,3,1249.05,416.35
T00330,C0028,P085,09-03-2024 09:06,3,1249.05,416.35
T00401,C0189,P085,10-03-2024 02:20,3,1249.05,416.35
T00435,C0037,P085,10-03-2024 02:22,4,1665.4,416.35
T00475,C0145,P085,10-03-2024 12:10,2,832.7,416.35
T00504,C0021,P085,10-03-2024 12:56,1,416.35,416.35
T00829,C0099,P085,10-03-2024 16:04,4,1665.4,416.35
T00023,C0012,P061,11-03-2024 03:22,4,627.84,156.96
T00128,C0167,P061,11-03-2024 09:25,3,470.88,156.96
T00361,C0052,P061,11-03-2024 10:55,4,627.84,156.96
T00403,C0114,P061,11-03-2024 15:12,4,627.84,156.96
T00422,C0163,P061,11-03-2024 17:07,3,470.88,156.96
T00458,C0102,P061,12-03-2024 03:33,1,156.96,156.96
T00476,C0119,P061,12-03-2024 11:15,1,156.96,156.96
T00553,C0038,P061,12-03-2024 15:48,1,156.96,156.96
T00655,C0182,P061,12-03-2024 21:51,4,627.84,156.96
T00696,C0065,P061,13-03-2024 02:57,3,470.88,156.96
T00731,C0200,P061,13-03-2024 04:00,4,627.84,156.96
T00791,C0052,P061,13-03-2024 06:04,2,313.92,156.96
T00795,C0178,P061,13-03-2024 22:33,1,156.96,156.96
T00834,C0090,P061,14-03-2024 08:10,3,470.88,156.96
T00840,C0018,P061,14-03-2024 11:55,3,470.88,156.96
T00869,C0081,P061,14-03-2024 17:22,2,313.92,156.96
T00024,C0006,P084,15-03-2024 04:08,3,1013.73,337.91
T00100,C0197,P084,15-03-2024 12:05,3,1013.73,337.91
T00202,C0100,P084,16-03-2024 04:08,1,337.91,337.91
T00235,C0116,P084,16-03-2024 16:23,2,675.82,337.91
T00265,C0122,P084,16-03-2024 17:26,1,337.91,337.91
T00346,C0149,P084,18-03-2024 04:33,4,1351.64,337.91
T00444,C0127,P084,18-03-2024 06:01,1,337.91,337.91
T00752,C0178,P084,18-03-2024 09:16,4,1351.64,337.91
T00753,C0075,P084,19-03-2024 00:50,4,1351.64,337.91
T00862,C0106,P084,19-03-2024 01:04,2,675.82,337.91
T00940,C0059,P084,19-03-2024 16:14,4,1351.64,337.91
T00958,C0026,P084,20-03-2024 02:37,3,1013.73,337.91
T00990,C0195,P084,20-03-2024 10:30,2,675.82,337.91
T00025,C0027,P003,20-03-2024 23:29,4,176.48,44.12
T00102,C0153,P003,21-03-2024 15:10,2,88.24,44.12
T00242,C0178,P003,22-03-2024 19:50,1,44.12,44.12
T00381,C0109,P003,23-03-2024 00:07,4,176.48,44.12
T00430,C0135,P003,23-03-2024 02:59,2,88.24,44.12
T00574,C0172,P003,23-03-2024 05:53,1,44.12,44.12
T00600,C0101,P003,23-03-2024 05:58,3,132.36,44.12
T00633,C0137,P003,23-03-2024 08:29,3,132.36,44.12
T00686,C0012,P003,24-03-2024 16:37,4,176.48,44.12
T00826,C0169,P003,25-03-2024 07:41,2,88.24,44.12
T00914,C0094,P003,25-03-2024 13:47,2,88.24,44.12
T00991,C0111,P003,26-03-2024 00:51,3,132.36,44.12
T00026,C0136,P051,26-03-2024 18:01,3,195.48,65.16
T00044,C0046,P051,26-03-2024 20:30,3,195.48,65.16
T00079,C0147,P051,26-03-2024 22:55,1,65.16,65.16
T00169,C0152,P051,27-03-2024 07:31,1,65.16,65.16
T00297,C0131,P051,28-03-2024 04:39,3,195.48,65.16
T00386,C0116,P051,28-03-2024 17:43,4,260.64,65.16
T00590,C0157,P051,28-03-2024 19:16,2,130.32,65.16
T00607,C0175,P051,29-03-2024 01:28,4,260.64,65.16
T00856,C0043,P051,29-03-2024 07:04,2,130.32,65.16
T00957,C0076,P051,29-03-2024 14:35,3,195.48,65.16
T00027,C0124,P086,30-03-2024 09:01,2,881.4,440.7
T00069,C0021,P086,30-03-2024 21:17,4,1762.8,440.7
T00193,C0041,P086,30-03-2024 23:37,4,1762.8,440.7
T00420,C0057,P086,31-03-2024 03:46,4,1762.8,440.7
T00493,C0126,P086,31-03-2024 16:50,4,1762.8,440.7
T00587,C0165,P086,31-03-2024 19:29,4,1762.8,440.7
T00691,C0171,P086,31-03-2024 22:56,3,1322.1,440.7
T00813,C0006,P086,01-04-2024 07:30,3,1322.1,440.7
T00896,C0093,P086,01-04-2024 10:10,1,440.7,440.7
T00028,C0106,P047,01-04-2024 14:59,2,318.66,159.33
T00047,C0136,P047,02-04-2024 00:16,4,637.32,159.33
T00107,C0175,P047,02-04-2024 02:03,3,477.99,159.33
T00197,C0075,P047,02-04-2024 02:23,4,637.32,159.33
T00352,C0046,P047,02-04-2024 07:44,2,318.66,159.33
T00443,C0128,P047,03-04-2024 03:46,2,318.66,159.33
T00524,C0014,P047,03-04-2024 12:44,2,318.66,159.33
T00531,C0022,P047,03-04-2024 21:46,1,159.33,159.33
T00539,C0159,P047,04-04-2024 03:50,4,637.32,159.33
T00897,C0195,P047,04-04-2024 14:19,3,477.99,159.33
T00029,C0193,P068,05-04-2024 03:20,3,1341.69,447.23
T00071,C0059,P068,05-04-2024 04:56,1,447.23,447.23
T00118,C0082,P068,05-04-2024 13:05,3,1341.69,447.23
T00156,C0081,P068,06-04-2024 03:41,1,447.23,447.23
T00199,C0160,P068,06-04-2024 09:26,1,447.23,447.23
T00287,C0165,P068,06-04-2024 10:30,4,1788.92,447.23
T00308,C0139,P068,06-04-2024 10:33,2,894.46,447.23
T00425,C0008,P068,06-04-2024 16:23,1,447.23,447.23
T00447,C0035,P068,07-04-2024 14:32,3,1341.69,447.23
T00450,C0104,P068,07-04-2024 16:46,1,447.23,447.23
T00833,C0187,P068,08-04-2024 00:01,3,1341.69,447.23
T00030,C0185,P092,08-04-2024 10:34,3,1167.6,389.2
T00340,C0098,P092,08-04-2024 20:47,2,778.4,389.2
T00410,C0042,P092,09-04-2024 07:28,4,1556.8,389.2
T00426,C0026,P092,09-04-2024 07:47,1,389.2,389.2
T00439,C0141,P092,09-04-2024 09:14,4,1556.8,389.2
T00618,C0103,P092,09-04-2024 16:45,1,389.2,389.2
T00652,C0149,P092,09-04-2024 18:48,4,1556.8,389.2
T00676,C0081,P092,11-04-2024 01:44,4,1556.8,389.2
T00678,C0142,P092,11-04-2024 09:53,3,1167.6,389.2
T00031,C0093,P076,12-04-2024 12:07,3,1287.87,429.29
T00106,C0158,P076,12-04-2024 14:44,4,1717.16,429.29
T00149,C0093,P076,13-04-2024 02:29,4,1717.16,429.29
T00240,C0113,P076,13-04-2024 20:04,1,429.29,429.29
T00487,C0159,P076,14-04-2024 01:19,3,1287.87,429.29
T00614,C0042,P076,14-04-2024 11:32,1,429.29,429.29
T00694,C0188,P076,14-04-2024 12:03,4,1717.16,429.29
T00709,C0175,P076,14-04-2024 14:12,1,429.29,429.29
T00754,C0143,P076,14-04-2024 23:09,3,1287.87,429.29
T00894,C0155,P076,15-04-2024 01:10,2,858.58,429.29
T00033,C0099,P036,16-04-2024 21:50,2,745.1,372.55
T00080,C0139,P036,17-04-2024 00:48,1,372.55,372.55
T00312,C0092,P036,17-04-2024 01:46,1,372.55,372.55
T00316,C0141,P036,18-04-2024 14:56,2,745.1,372.55
T00376,C0092,P036,19-04-2024 05:04,4,1490.2,372.55
T00407,C0067,P036,20-04-2024 08:12,1,372.55,372.55
T00469,C0083,P036,20-04-2024 22:54,1,372.55,372.55
T00517,C0010,P036,21-04-2024 10:52,3,1117.65,372.55
T00616,C0101,P036,21-04-2024 19:52,2,745.1,372.55
T00659,C0013,P036,21-04-2024 22:39,3,1117.65,372.55
T00690,C0029,P036,22-04-2024 01:00,3,1117.65,372.55
T00925,C0093,P036,22-04-2024 18:28,1,372.55,372.55
T00036,C0035,P013,23-04-2024 06:38,1,114.2,114.2
T00097,C0045,P013,23-04-2024 11:07,4,456.8,114.2
T00144,C0084,P013,23-04-2024 17:09,1,114.2,114.2
T00201,C0118,P013,23-04-2024 22:46,1,114.2,114.2
T00498,C0039,P013,24-04-2024 00:16,1,114.2,114.2
T00544,C0075,P013,24-04-2024 05:30,3,342.6,114.2
T00560,C0069,P013,25-04-2024 03:49,3,342.6,114.2
T00697,C0084,P013,25-04-2024 07:38,3,342.6,114.2
T00738,C0157,P013,25-04-2024 14:43,3,342.6,114.2
T00803,C0197,P013,25-04-2024 18:50,4,456.8,114.2
T00919,C0091,P013,25-04-2024 22:21,3,342.6,114.2
T00038,C0084,P058,26-04-2024 07:31,2,315.24,157.62
T00124,C0076,P058,26-04-2024 11:22,3,472.86,157.62
T00227,C0049,P058,26-04-2024 11:26,2,315.24,157.62
T00365,C0102,P058,26-04-2024 14:16,4,630.48,157.62
T00404,C0022,P058,26-04-2024 17:37,2,315.24,157.62
T00416,C0152,P058,26-04-2024 22:10,1,157.62,157.62
T00471,C0102,P058,27-04-2024 01:00,4,630.48,157.62
T00566,C0139,P058,27-04-2024 05:29,2,315.24,157.62
T00662,C0118,P058,27-04-2024 19:06,1,157.62,157.62
T00667,C0047,P058,27-04-2024 20:02,2,315.24,157.62
T00681,C0153,P058,28-04-2024 02:14,4,630.48,157.62
T00824,C0156,P058,28-04-2024 10:46,1,157.62,157.62
T00981,C0112,P058,28-04-2024 14:16,4,630.48,157.62
T00039,C0056,P050,28-04-2024 14:38,2,875.3,437.65
T00191,C0172,P050,28-04-2024 20:01,1,437.65,437.65
T00328,C0085,P050,29-04-2024 10:25,3,1312.95,437.65
T00345,C0140,P050,29-04-2024 19:03,4,1750.6,437.65
T00362,C0096,P050,29-04-2024 19:45,2,875.3,437.65
T00542,C0098,P050,30-04-2024 08:50,1,437.65,437.65
T00718,C0007,P050,30-04-2024 14:23,1,437.65,437.65
T00770,C0181,P050,30-04-2024 17:03,2,875.3,437.65
T00859,C0162,P050,02-05-2024 00:25,3,1312.95,437.65
T00902,C0009,P050,02-05-2024 00:31,1,437.65,437.65
T00904,C0155,P050,02-05-2024 14:16,1,437.65,437.65
T00979,C0112,P050,03-05-2024 03:39,3,1312.95,437.65
T00984,C0156,P050,03-05-2024 18:35,4,1750.6,437.65
T00040,C0177,P030,03-05-2024 21:36,4,1111.44,277.86
T00268,C0170,P030,04-05-2024 11:33,1,277.86,277.86
T00303,C0085,P030,04-05-2024 20:38,1,277.86,277.86
T00491,C0136,P030,05-05-2024 05:01,4,1111.44,277.86
T00511,C0081,P030,05-05-2024 05:32,3,833.58,277.86
T00604,C0011,P030,05-05-2024 13:03,1,277.86,277.86
T00647,C0018,P030,06-05-2024 07:02,4,1111.44,277.86
T00810,C0046,P030,06-05-2024 13:06,1,277.86,277.86
T00938,C0087,P030,06-05-2024 18:05,3,833.58,277.86
T00042,C0189,P025,06-05-2024 19:24,2,569.24,284.62
T00074,C0041,P025,06-05-2024 23:15,3,853.86,284.62
T00304,C0174,P025,07-05-2024 01:08,1,284.62,284.62
T00331,C0005,P025,07-05-2024 03:11,3,853.86,284.62
T00456,C0004,P025,08-05-2024 03:42,2,569.24,284.62
T00462,C0003,P025,08-05-2024 15:48,3,853.86,284.62
T00573,C0162,P025,08-05-2024 18:21,3,853.86,284.62
T00580,C0141,P025,08-05-2024 21:17,1,284.62,284.62
T00658,C0021,P025,08-05-2024 22:24,1,284.62,284.62
T00832,C0064,P025,08-05-2024 22:54,3,853.86,284.62
T00842,C0055,P025,09-05-2024 03:14,4,1138.48,284.62
T00864,C0096,P025,09-05-2024 03:52,4,1138.48,284.62
T00043,C0049,P027,09-05-2024 09:15,4,916.24,229.06
T00141,C0039,P027,09-05-2024 16:33,3,687.18,229.06
T00178,C0173,P027,09-05-2024 17:32,2,458.12,229.06
T00275,C0018,P027,09-05-2024 17:38,4,916.24,229.06
T00326,C0019,P027,10-05-2024 03:22,3,687.18,229.06
T00337,C0064,P027,11-05-2024 07:45,4,916.24,229.06
T00453,C0034,P027,11-05-2024 17:59,4,916.24,229.06
T00739,C0098,P027,12-05-2024 11:53,2,458.12,229.06
T00787,C0026,P027,12-05-2024 12:53,4,916.24,229.06
T00871,C0084,P027,13-05-2024 07:24,4,916.24,229.06
T00951,C0197,P027,13-05-2024 14:33,2,458.12,229.06
T00045,C0113,P078,14-05-2024 14:21,4,164.72,41.18
T00123,C0113,P078,14-05-2024 23:14,2,82.36,41.18
T00164,C0062,P078,15-05-2024 00:22,3,123.54,41.18
T00186,C0098,P078,15-05-2024 10:49,1,41.18,41.18
T00431,C0067,P078,15-05-2024 16:06,3,123.54,41.18
T00515,C0190,P078,15-05-2024 23:20,1,41.18,41.18
T00522,C0160,P078,16-05-2024 01:56,4,164.72,41.18
T00592,C0060,P078,16-05-2024 03:37,2,82.36,41.18
T00635,C0166,P078,16-05-2024 09:05,4,164.72,41.18
T00816,C0172,P078,16-05-2024 11:23,2,82.36,41.18
T00048,C0043,P100,16-05-2024 16:00,2,252.68,126.34
T00115,C0161,P100,18-05-2024 05:03,1,126.34,126.34
T00283,C0109,P100,18-05-2024 16:57,4,505.36,126.34
T00301,C0109,P100,19-05-2024 06:37,2,252.68,126.34
T00740,C0156,P100,19-05-2024 18:25,4,505.36,126.34
T00820,C0077,P100,20-05-2024 06:17,2,252.68,126.34
T00049,C0148,P039,20-05-2024 10:52,3,1291.77,430.59
T00086,C0168,P039,20-05-2024 10:53,3,1291.77,430.59
T00090,C0072,P039,20-05-2024 12:30,4,1722.36,430.59
T00198,C0048,P039,20-05-2024 13:15,1,430.59,430.59
T00256,C0192,P039,21-05-2024 03:08,3,1291.77,430.59
T00348,C0005,P039,21-05-2024 09:00,2,861.18,430.59
T00391,C0096,P039,22-05-2024 03:47,4,1722.36,430.59
T00472,C0016,P039,22-05-2024 04:00,1,430.59,430.59
T00480,C0102,P039,22-05-2024 21:58,3,1291.77,430.59
T00523,C0114,P039,23-05-2024 19:17,3,1291.77,430.59
T00555,C0088,P039,24-05-2024 09:32,1,430.59,430.59
T00665,C0053,P039,24-05-2024 09:36,4,1722.36,430.59
T00050,C0124,P016,24-05-2024 16:11,1,330.05,330.05
T00056,C0192,P016,24-05-2024 22:54,1,330.05,330.05
T00167,C0153,P016,25-05-2024 17:44,3,990.15,330.05
T00368,C0190,P016,25-05-2024 20:16,4,1320.2,330.05
T00579,C0051,P016,25-05-2024 22:37,1,330.05,330.05
T00683,C0111,P016,26-05-2024 05:56,4,1320.2,330.05
T00700,C0016,P016,26-05-2024 08:08,1,330.05,330.05
T00802,C0046,P016,27-05-2024 09:32,3,990.15,330.05
T00942,C0105,P016,27-05-2024 15:48,4,1320.2,330.05
T00051,C0097,P022,27-05-2024 22:23,1,137.54,137.54
T00160,C0065,P022,28-05-2024 00:57,3,412.62,137.54
T00252,C0154,P022,28-05-2024 01:25,1,137.54,137.54
T00271,C0035,P022,28-05-2024 10:52,3,412.62,137.54
T00296,C0179,P022,28-05-2024 14:47,3,412.62,137.54
T00300,C0160,P022,28-05-2024 14:48,4,550.16,137.54
T00414,C0194,P022,28-05-2024 17:40,3,412.62,137.54
T00481,C0188,P022,28-05-2024 18:07,3,412.62,137.54
T00509,C0025,P022,29-05-2024 17:04,1,137.54,137.54
T00612,C0140,P022,30-05-2024 00:00,1,137.54,137.54
T00742,C0124,P022,30-05-2024 03:34,2,275.08,137.54
T00761,C0199,P022,30-05-2024 18:15,4,550.16,137.54
T00886,C0104,P022,02-06-2024 10:00,3,412.62,137.54
T00895,C0121,P022,02-06-2024 13:27,3,412.62,137.54
T00932,C0001,P022,02-06-2024 17:24,3,412.62,137.54
T00054,C0085,P021,03-06-2024 19:17,3,1007.52,335.84
T00075,C0039,P021,03-06-2024 21:07,3,1007.52,335.84
T00299,C0098,P021,03-06-2024 23:59,1,335.84,335.84
T00440,C0136,P021,04-06-2024 00:03,3,1007.52,335.84
T00457,C0158,P021,04-06-2024 02:02,1,335.84,335.84
T00687,C0182,P021,04-06-2024 02:15,4,1343.36,335.84
T00737,C0157,P021,04-06-2024 06:32,1,335.84,335.84
T00763,C0185,P021,04-06-2024 21:07,3,1007.52,335.84
T00807,C0086,P021,05-06-2024 01:19,1,335.84,335.84
T00857,C0080,P021,07-06-2024 08:52,3,1007.52,335.84
T00877,C0137,P021,08-06-2024 07:23,2,671.68,335.84
T00055,C0177,P072,08-06-2024 14:47,2,798.68,399.34
T00162,C0045,P072,09-06-2024 15:20,3,1198.02,399.34
T00172,C0021,P072,10-06-2024 11:46,2,798.68,399.34
T00529,C0152,P072,11-06-2024 02:31,3,1198.02,399.34
T00929,C0068,P072,11-06-2024 15:51,3,1198.02,399.34
T00994,C0040,P072,11-06-2024 20:36,2,798.68,399.34
T00057,C0062,P059,11-06-2024 23:59,3,909.6,303.2
T00062,C0009,P059,12-06-2024 01:39,1,303.2,303.2
T00131,C0029,P059,12-06-2024 20:54,1,303.2,303.2
T00188,C0195,P059,12-06-2024 22:33,3,909.6,303.2
T00282,C0145,P059,12-06-2024 22:59,1,303.2,303.2
T00284,C0022,P059,13-06-2024 02:56,4,1212.8,303.2
T00295,C0087,P059,13-06-2024 07:28,3,909.6,303.2
T00377,C0179,P059,13-06-2024 09:13,1,303.2,303.2
T00400,C0175,P059,13-06-2024 10:35,2,606.4,303.2
T00638,C0100,P059,13-06-2024 12:58,3,909.6,303.2
T00674,C0024,P059,13-06-2024 22:53,3,909.6,303.2
T00702,C0104,P059,14-06-2024 08:41,4,1212.8,303.2
T00705,C0027,P059,14-06-2024 11:41,4,1212.8,303.2
T00775,C0156,P059,14-06-2024 21:37,1,303.2,303.2
T00806,C0062,P059,15-06-2024 17:12,2,606.4,303.2
T00854,C0017,P059,16-06-2024 05:24,1,303.2,303.2
T00882,C0156,P059,16-06-2024 08:22,3,909.6,303.2
T00906,C0129,P059,16-06-2024 15:47,4,1212.8,303.2
T00948,C0098,P059,16-06-2024 21:51,2,606.4,303.2
T00058,C0106,P031,17-06-2024 14:12,2,392.8,196.4
T00653,C0028,P031,18-06-2024 10:55,4,785.6,196.4
T00792,C0105,P031,19-06-2024 02:53,1,196.4,196.4
T00815,C0008,P031,19-06-2024 06:55,2,392.8,196.4
T00059,C0107,P042,19-06-2024 07:16,1,379.44,379.44
T00344,C0047,P042,19-06-2024 15:07,3,1138.32,379.44
T00484,C0013,P042,19-06-2024 17:52,2,758.88,379.44
T00514,C0032,P042,19-06-2024 23:01,1,379.44,379.44
T00693,C0122,P042,20-06-2024 04:11,4,1517.76,379.44
T00695,C0090,P042,20-06-2024 04:13,3,1138.32,379.44
T00861,C0141,P042,20-06-2024 19:04,4,1517.76,379.44
T00973,C0084,P042,21-06-2024 02:02,3,1138.32,379.44
T00060,C0054,P074,21-06-2024 07:59,4,1182.32,295.58
T00152,C0144,P074,21-06-2024 15:09,4,1182.32,295.58
T00217,C0047,P074,22-06-2024 14:35,1,295.58,295.58
T00223,C0163,P074,22-06-2024 20:59,1,295.58,295.58
T00250,C0045,P074,22-06-2024 21:26,4,1182.32,295.58
T00325,C0152,P074,23-06-2024 14:05,1,295.58,295.58
T00382,C0163,P074,24-06-2024 10:10,4,1182.32,295.58
T00438,C0037,P074,25-06-2024 22:10,3,886.74,295.58
T00537,C0012,P074,25-06-2024 22:40,1,295.58,295.58
T00743,C0172,P074,27-06-2024 12:03,3,886.74,295.58
T00796,C0166,P074,27-06-2024 19:13,3,886.74,295.58
T00839,C0089,P074,27-06-2024 23:39,3,886.74,295.58
T00885,C0170,P074,29-06-2024 11:39,3,886.74,295.58
T00061,C0126,P032,29-06-2024 13:17,2,977.26,488.63
T00116,C0127,P032,30-06-2024 00:11,1,488.63,488.63
T00319,C0139,P032,30-06-2024 08:52,1,488.63,488.63
T00320,C0179,P032,30-06-2024 15:44,3,1465.89,488.63
T00465,C0173,P032,30-06-2024 22:09,2,977.26,488.63
T00499,C0065,P032,01-07-2024 00:11,4,1954.52,488.63
T00513,C0023,P032,01-07-2024 04:53,2,977.26,488.63
T00577,C0082,P032,01-07-2024 13:07,2,977.26,488.63
T00821,C0050,P032,01-07-2024 14:11,2,977.26,488.63
T00867,C0171,P032,02-07-2024 05:35,3,1465.89,488.63
T00987,C0015,P032,02-07-2024 06:30,1,488.63,488.63
T00064,C0037,P009,02-07-2024 09:34,1,325.01,325.01
T00311,C0129,P009,03-07-2024 07:10,2,650.02,325.01
T00397,C0187,P009,03-07-2024 07:27,1,325.01,325.01
T00477,C0162,P009,04-07-2024 05:29,3,975.03,325.01
T00530,C0079,P009,05-07-2024 10:29,2,650.02,325.01
T00651,C0172,P009,05-07-2024 11:53,2,650.02,325.01
T00677,C0100,P009,05-07-2024 23:04,4,1300.04,325.01
T00065,C0049,P081,05-07-2024 23:41,1,66.32,66.32
T00081,C0077,P081,06-07-2024 00:13,4,265.28,66.32
T00092,C0189,P081,06-07-2024 11:32,3,198.96,66.32
T00103,C0091,P081,06-07-2024 23:53,4,265.28,66.32
T00111,C0082,P081,07-07-2024 12:28,4,265.28,66.32
T00387,C0173,P081,07-07-2024 23:53,3,198.96,66.32
T00486,C0111,P081,08-07-2024 16:06,4,265.28,66.32
T00512,C0183,P081,08-07-2024 19:55,1,66.32,66.32
T00668,C0053,P081,09-07-2024 02:53,2,132.64,66.32
T00715,C0033,P081,10-07-2024 02:32,2,132.64,66.32
T00898,C0108,P081,10-07-2024 07:04,1,66.32,66.32
T00939,C0010,P081,10-07-2024 08:49,3,198.96,66.32
T00960,C0147,P081,10-07-2024 19:53,1,66.32,66.32
T00066,C0041,P011,11-07-2024 12:42,4,1044.8,261.2
T00415,C0169,P011,11-07-2024 15:32,4,1044.8,261.2
T00521,C0148,P011,11-07-2024 17:39,4,1044.8,261.2
T00601,C0161,P011,11-07-2024 20:27,1,261.2,261.2
T00698,C0119,P011,12-07-2024 08:20,1,261.2,261.2
T00712,C0134,P011,12-07-2024 10:03,3,783.6,261.2
T00848,C0108,P011,12-07-2024 10:18,2,522.4,261.2
T00868,C0039,P011,12-07-2024 10:33,4,1044.8,261.2
T00977,C0136,P011,12-07-2024 13:17,4,1044.8,261.2
T00998,C0024,P011,12-07-2024 13:34,2,522.4,261.2
T00067,C0017,P096,12-07-2024 22:15,2,614.94,307.47
T00085,C0001,P096,13-07-2024 08:15,2,614.94,307.47
T00117,C0164,P096,13-07-2024 13:50,2,614.94,307.47
T00279,C0059,P096,14-07-2024 06:50,1,307.47,307.47
T00350,C0020,P096,14-07-2024 07:45,3,922.41,307.47
T00467,C0045,P096,14-07-2024 10:29,3,922.41,307.47
T00610,C0021,P096,14-07-2024 11:42,2,614.94,307.47
T00645,C0007,P096,14-07-2024 14:57,3,922.41,307.47
T00666,C0044,P096,14-07-2024 19:37,1,307.47,307.47
T00724,C0117,P096,15-07-2024 07:02,3,922.41,307.47
T00735,C0104,P096,15-07-2024 16:33,4,1229.88,307.47
T00748,C0119,P096,15-07-2024 20:36,1,307.47,307.47
T00764,C0026,P096,16-07-2024 14:50,4,1229.88,307.47
T00794,C0161,P096,16-07-2024 22:33,1,307.47,307.47
T00819,C0075,P096,17-07-2024 03:25,2,614.94,307.47
T00070,C0051,P017,17-07-2024 07:26,4,1879.08,469.77
T00180,C0073,P017,17-07-2024 08:52,2,939.54,469.77
T00224,C0171,P017,18-07-2024 00:10,4,1879.08,469.77
T00324,C0104,P017,18-07-2024 02:51,1,469.77,469.77
T00341,C0011,P017,18-07-2024 11:21,2,939.54,469.77
T00503,C0013,P017,18-07-2024 20:01,4,1879.08,469.77
T00558,C0169,P017,19-07-2024 09:25,4,1879.08,469.77
T00571,C0137,P017,19-07-2024 10:31,2,939.54,469.77
T00682,C0131,P017,19-07-2024 10:56,2,939.54,469.77
T00971,C0023,P017,19-07-2024 14:35,1,469.77,469.77
T00072,C0167,P048,20-07-2024 10:39,3,1249.2,416.4
T00280,C0175,P048,20-07-2024 11:22,2,832.8,416.4
T00298,C0042,P048,20-07-2024 16:04,1,416.4,416.4
T00322,C0099,P048,21-07-2024 03:18,3,1249.2,416.4
T00357,C0147,P048,21-07-2024 04:34,1,416.4,416.4
T00371,C0155,P048,22-07-2024 05:37,4,1665.6,416.4
T00548,C0185,P048,22-07-2024 09:54,3,1249.2,416.4
T00550,C0154,P048,22-07-2024 10:55,3,1249.2,416.4
T00608,C0025,P048,22-07-2024 23:34,2,832.8,416.4
T00657,C0100,P048,23-07-2024 09:15,1,416.4,416.4
T00771,C0200,P048,23-07-2024 12:30,4,1665.6,416.4
T00786,C0174,P048,23-07-2024 20:01,4,1665.6,416.4
T00811,C0141,P048,24-07-2024 00:20,4,1665.6,416.4
T00844,C0118,P048,24-07-2024 07:11,4,1665.6,416.4
T00950,C0068,P048,24-07-2024 17:40,4,1665.6,416.4
T00073,C0183,P052,24-07-2024 23:11,2,709.62,354.81
T00101,C0008,P052,25-07-2024 02:34,4,1419.24,354.81
T00351,C0169,P052,25-07-2024 15:20,4,1419.24,354.81
T00460,C0099,P052,25-07-2024 17:05,2,709.62,354.81
T00988,C0165,P052,26-07-2024 00:21,4,1419.24,354.81
T00076,C0141,P065,26-07-2024 15:47,3,1282.83,427.61
T00110,C0084,P065,26-07-2024 21:44,2,855.22,427.61
T00139,C0118,P065,27-07-2024 05:05,1,427.61,427.61
T00288,C0049,P065,28-07-2024 00:09,1,427.61,427.61
T00306,C0021,P065,28-07-2024 06:29,3,1282.83,427.61
T00383,C0048,P065,29-07-2024 06:11,2,855.22,427.61
T00540,C0034,P065,29-07-2024 06:59,2,855.22,427.61
T00569,C0107,P065,29-07-2024 19:28,3,1282.83,427.61
T00585,C0056,P065,30-07-2024 08:34,2,855.22,427.61
T00888,C0055,P065,30-07-2024 11:43,2,855.22,427.61
T00892,C0022,P065,30-07-2024 12:47,4,1710.44,427.61
T00077,C0192,P063,30-07-2024 21:37,3,100.77,33.59
T00104,C0174,P063,30-07-2024 23:32,3,100.77,33.59
T00216,C0193,P063,31-07-2024 05:19,3,100.77,33.59
T00353,C0012,P063,31-07-2024 21:34,1,33.59,33.59
T00378,C0175,P063,01-08-2024 14:20,3,100.77,33.59
T00413,C0021,P063,02-08-2024 03:34,3,100.77,33.59
T00459,C0075,P063,02-08-2024 08:13,4,134.36,33.59
T00760,C0090,P063,02-08-2024 09:54,1,33.59,33.59
T00853,C0098,P063,02-08-2024 11:13,4,134.36,33.59
T00078,C0011,P089,02-08-2024 13:45,3,662.73,220.91
T00153,C0094,P089,02-08-2024 21:41,3,662.73,220.91
T00245,C0120,P089,03-08-2024 06:21,4,883.64,220.91
T00291,C0109,P089,03-08-2024 19:15,2,441.82,220.91
T00390,C0113,P089,03-08-2024 21:42,4,883.64,220.91
T00773,C0068,P089,03-08-2024 22:08,3,662.73,220.91
T00883,C0170,P089,03-08-2024 23:04,4,883.64,220.91
T00082,C0127,P088,04-08-2024 12:38,1,263.55,263.55
T00130,C0191,P088,04-08-2024 15:35,1,263.55,263.55
T00424,C0114,P088,05-08-2024 07:35,4,1054.2,263.55
T00461,C0072,P088,05-08-2024 13:12,1,263.55,263.55
T00556,C0050,P088,05-08-2024 20:03,3,790.65,263.55
T00751,C0096,P088,05-08-2024 22:39,2,527.1,263.55
T00954,C0179,P088,06-08-2024 14:37,4,1054.2,263.55
T00985,C0068,P088,06-08-2024 20:12,2,527.1,263.55
T00083,C0046,P066,07-08-2024 01:34,4,1348.88,337.22
T00195,C0023,P066,07-08-2024 09:24,1,337.22,337.22
T00225,C0126,P066,07-08-2024 22:11,3,1011.66,337.22
T00267,C0037,P066,08-08-2024 05:40,3,1011.66,337.22
T00505,C0147,P066,08-08-2024 19:49,2,674.44,337.22
T00596,C0175,P066,09-08-2024 08:58,1,337.22,337.22
T00609,C0094,P066,09-08-2024 17:24,1,337.22,337.22
T00623,C0146,P066,10-08-2024 00:39,3,1011.66,337.22
T00838,C0101,P066,10-08-2024 15:04,1,337.22,337.22
T00921,C0017,P066,11-08-2024 00:11,4,1348.88,337.22
T00924,C0116,P066,11-08-2024 04:10,1,337.22,337.22
T00084,C0045,P015,11-08-2024 07:01,4,635.72,158.93
T00114,C0068,P015,11-08-2024 12:13,1,158.93,158.93
T00333,C0101,P015,12-08-2024 05:20,3,476.79,158.93
T00526,C0156,P015,13-08-2024 03:22,4,635.72,158.93
T00599,C0013,P015,13-08-2024 10:30,1,158.93,158.93
T00801,C0021,P015,13-08-2024 10:42,1,158.93,158.93
T00893,C0101,P015,13-08-2024 22:51,1,158.93,158.93
T00989,C0129,P015,13-08-2024 23:52,3,476.79,158.93
T00088,C0019,P001,14-08-2024 02:02,2,338.6,169.3
T00314,C0024,P001,15-08-2024 00:55,4,677.2,169.3
T00428,C0071,P001,15-08-2024 03:03,2,338.6,169.3
T00433,C0036,P001,15-08-2024 03:06,2,338.6,169.3
T00449,C0191,P001,15-08-2024 10:18,1,169.3,169.3
T00545,C0105,P001,15-08-2024 13:06,2,338.6,169.3
T00732,C0045,P001,15-08-2024 15:59,2,338.6,169.3
T00758,C0017,P001,15-08-2024 20:46,3,507.9,169.3
T00095,C0189,P093,15-08-2024 21:51,2,609.88,304.94
T00211,C0007,P093,16-08-2024 02:29,4,1219.76,304.94
T00335,C0118,P093,16-08-2024 08:44,2,609.88,304.94
T00547,C0079,P093,16-08-2024 19:39,4,1219.76,304.94
T00586,C0179,P093,16-08-2024 19:51,1,304.94,304.94
T00629,C0100,P093,17-08-2024 12:06,1,304.94,304.94
T00630,C0031,P093,18-08-2024 00:51,2,609.88,304.94
T00899,C0141,P093,18-08-2024 21:30,1,304.94,304.94
T00096,C0161,P073,19-08-2024 00:45,3,80.97,26.99
T00277,C0029,P073,19-08-2024 04:22,4,107.96,26.99
T00317,C0111,P073,19-08-2024 08:16,4,107.96,26.99
T00336,C0147,P073,20-08-2024 02:24,3,80.97,26.99
T00388,C0081,P073,20-08-2024 05:30,1,26.99,26.99
T00494,C0055,P073,20-08-2024 15:26,2,53.98,26.99
T00519,C0054,P073,22-08-2024 03:25,2,53.98,26.99
T00583,C0198,P073,22-08-2024 05:45,1,26.99,26.99
T00661,C0049,P073,22-08-2024 23:44,2,53.98,26.99
T00955,C0149,P073,23-08-2024 02:14,2,53.98,26.99
T00099,C0103,P006,23-08-2024 09:06,1,121.32,121.32
T00134,C0051,P006,23-08-2024 09:19,2,242.64,121.32
T00143,C0003,P006,23-08-2024 15:53,3,363.96,121.32
T00181,C0181,P006,23-08-2024 23:45,4,485.28,121.32
T00226,C0139,P006,24-08-2024 01:19,2,242.64,121.32
T00273,C0134,P006,24-08-2024 09:50,4,485.28,121.32
T00321,C0017,P006,24-08-2024 18:54,3,363.96,121.32
T00389,C0081,P006,24-08-2024 19:10,3,363.96,121.32
T00478,C0124,P006,25-08-2024 05:43,4,485.28,121.32
T00506,C0053,P006,25-08-2024 08:05,1,121.32,121.32
T00613,C0037,P006,25-08-2024 12:38,3,363.96,121.32
T00679,C0138,P006,25-08-2024 16:04,4,485.28,121.32
T00772,C0104,P006,26-08-2024 13:10,2,242.64,121.32
T00108,C0177,P055,26-08-2024 15:16,1,128.53,128.53
T00255,C0107,P055,27-08-2024 05:49,4,514.12,128.53
T00429,C0030,P055,27-08-2024 19:54,3,385.59,128.53
T00463,C0142,P055,27-08-2024 22:57,2,257.06,128.53
T00466,C0034,P055,28-08-2024 02:11,4,514.12,128.53
T00639,C0109,P055,28-08-2024 04:01,3,385.59,128.53
T00822,C0011,P055,28-08-2024 05:03,3,385.59,128.53
T00850,C0029,P055,28-08-2024 19:56,2,257.06,128.53
T00872,C0088,P055,28-08-2024 20:52,1,128.53,128.53
T00941,C0041,P055,29-08-2024 14:05,1,128.53,128.53
T00109,C0175,P064,29-08-2024 18:52,4,1809.68,452.42
T00145,C0198,P064,30-08-2024 06:42,2,904.84,452.42
T00552,C0096,P064,30-08-2024 20:51,4,1809.68,452.42
T00628,C0141,P064,31-08-2024 00:38,1,452.42,452.42
T00636,C0054,P064,31-08-2024 18:20,3,1357.26,452.42
T00671,C0013,P064,31-08-2024 22:33,1,452.42,452.42
T00688,C0116,P064,01-09-2024 11:18,1,452.42,452.42
T00889,C0200,P064,01-09-2024 18:30,3,1357.26,452.42
T00972,C0106,P064,01-09-2024 21:40,3,1357.26,452.42
T00999,C0024,P064,03-09-2024 03:11,1,452.42,452.42
T00113,C0194,P090,03-09-2024 03:40,1,165.3,165.3
T00220,C0157,P090,03-09-2024 07:19,1,165.3,165.3
T00234,C0176,P090,03-09-2024 19:50,4,661.2,165.3
T00689,C0024,P090,04-09-2024 02:55,2,330.6,165.3
T00716,C0055,P090,04-09-2024 11:39,2,330.6,165.3
T00720,C0126,P090,04-09-2024 16:19,1,165.3,165.3
T00917,C0113,P090,04-09-2024 20:49,2,330.6,165.3
T00937,C0116,P090,04-09-2024 22:08,1,165.3,165.3
T00119,C0147,P018,05-09-2024 07:22,1,436.89,436.89
T00411,C0064,P018,05-09-2024 08:46,4,1747.56,436.89
T00507,C0019,P018,06-09-2024 06:43,1,436.89,436.89
T00606,C0196,P018,06-09-2024 12:12,3,1310.67,436.89
T00722,C0016,P018,06-09-2024 18:39,4,1747.56,436.89
T00779,C0052,P018,06-09-2024 20:35,3,1310.67,436.89
T00870,C0187,P018,08-09-2024 08:52,4,1747.56,436.89
T00120,C0156,P083,08-09-2024 14:32,1,455.72,455.72
T00133,C0194,P083,08-09-2024 16:26,3,1367.16,455.72
T00138,C0051,P083,09-09-2024 04:31,4,1822.88,455.72
T00168,C0023,P083,09-09-2024 19:42,3,1367.16,455.72
T00289,C0141,P083,10-09-2024 09:50,3,1367.16,455.72
T00313,C0191,P083,10-09-2024 12:40,1,455.72,455.72
T00445,C0001,P083,11-09-2024 11:58,2,911.44,455.72
T00594,C0183,P083,11-09-2024 19:59,3,1367.16,455.72
T00632,C0016,P083,11-09-2024 20:41,1,455.72,455.72
T00670,C0046,P083,12-09-2024 04:48,2,911.44,455.72
T00831,C0184,P083,12-09-2024 09:25,2,911.44,455.72
T00845,C0154,P083,12-09-2024 09:37,2,911.44,455.72
T00887,C0066,P083,12-09-2024 13:59,3,1367.16,455.72
T00121,C0168,P043,13-09-2024 07:08,4,1617.6,404.4
T00151,C0131,P043,13-09-2024 08:28,2,808.8,404.4
T00254,C0174,P043,13-09-2024 18:57,2,808.8,404.4
T00342,C0054,P043,13-09-2024 23:20,3,1213.2,404.4
T00356,C0115,P043,14-09-2024 15:29,4,1617.6,404.4
T00572,C0155,P043,15-09-2024 03:50,2,808.8,404.4
T00790,C0084,P043,16-09-2024 02:11,1,404.4,404.4
T00837,C0139,P043,16-09-2024 21:24,2,808.8,404.4
T00841,C0019,P043,16-09-2024 22:10,1,404.4,404.4
T00907,C0160,P043,16-09-2024 22:57,4,1617.6,404.4
T00931,C0114,P043,17-09-2024 03:59,4,1617.6,404.4
T00122,C0084,P035,17-09-2024 07:53,2,61.18,30.59
T00246,C0088,P035,17-09-2024 09:01,3,91.77,30.59
T00329,C0008,P035,17-09-2024 15:12,4,122.36,30.59
T00446,C0164,P035,18-09-2024 05:00,2,61.18,30.59
T00479,C0144,P035,18-09-2024 09:38,4,122.36,30.59
T00765,C0025,P035,18-09-2024 23:31,1,30.59,30.59
T00799,C0061,P035,19-09-2024 03:29,1,30.59,30.59
T00804,C0134,P035,19-09-2024 14:18,4,122.36,30.59
T00812,C0003,P035,19-09-2024 14:24,4,122.36,30.59
T00956,C0099,P035,20-09-2024 04:55,1,30.59,30.59
T00125,C0122,P033,20-09-2024 08:12,2,128.5,64.25
T00189,C0195,P033,21-09-2024 01:39,2,128.5,64.25
T00200,C0057,P033,21-09-2024 05:32,3,192.75,64.25
T00366,C0075,P033,21-09-2024 09:44,3,192.75,64.25
T00510,C0031,P033,21-09-2024 14:11,4,257,64.25
T00532,C0030,P033,21-09-2024 21:57,3,192.75,64.25
T00755,C0032,P033,21-09-2024 22:21,3,192.75,64.25
T00905,C0034,P033,22-09-2024 00:00,2,128.5,64.25
T00126,C0143,P014,22-09-2024 06:13,4,105.04,26.26
T00207,C0034,P014,22-09-2024 07:51,3,78.78,26.26
T00865,C0094,P014,22-09-2024 23:11,3,78.78,26.26
T00901,C0010,P014,23-09-2024 04:35,4,105.04,26.26
T00129,C0002,P004,23-09-2024 06:44,4,382.76,95.69
T00334,C0164,P004,23-09-2024 16:46,1,95.69,95.69
T00419,C0030,P004,23-09-2024 20:32,3,287.07,95.69
T00641,C0173,P004,24-09-2024 16:29,3,287.07,95.69
T00747,C0137,P004,24-09-2024 17:15,1,95.69,95.69
T00860,C0008,P004,24-09-2024 21:15,2,191.38,95.69
T00891,C0091,P004,25-09-2024 01:45,4,382.76,95.69
T00132,C0105,P029,25-09-2024 01:50,4,1734.56,433.64
T00213,C0165,P029,25-09-2024 06:56,3,1300.92,433.64
T00222,C0146,P029,25-09-2024 19:36,1,433.64,433.64
T00258,C0050,P029,25-09-2024 20:31,3,1300.92,433.64
T00286,C0069,P029,26-09-2024 16:10,2,867.28,433.64
T00436,C0001,P029,26-09-2024 17:22,3,1300.92,433.64
T00495,C0027,P029,26-09-2024 21:52,2,867.28,433.64
T00541,C0082,P029,26-09-2024 23:20,2,867.28,433.64
T00554,C0087,P029,26-09-2024 23:48,4,1734.56,433.64
T00576,C0100,P029,27-09-2024 23:40,4,1734.56,433.64
T00593,C0120,P029,28-09-2024 06:07,2,867.28,433.64
T00673,C0102,P029,28-09-2024 22:39,3,1300.92,433.64
T00680,C0163,P029,29-09-2024 10:16,4,1734.56,433.64
T00776,C0065,P029,29-09-2024 13:03,4,1734.56,433.64
T00835,C0190,P029,29-09-2024 16:14,1,433.64,433.64
T00935,C0109,P029,29-09-2024 16:20,1,433.64,433.64
T00975,C0116,P029,30-09-2024 00:40,2,867.28,433.64
T00135,C0075,P097,30-09-2024 05:29,3,958.02,319.34
T00173,C0182,P097,30-09-2024 10:45,4,1277.36,319.34
T00182,C0122,P097,30-09-2024 11:36,3,958.02,319.34
T00278,C0077,P097,30-09-2024 14:42,1,319.34,319.34
T00354,C0070,P097,30-09-2024 17:00,4,1277.36,319.34
T00394,C0063,P097,30-09-2024 18:17,4,1277.36,319.34
T00474,C0168,P097,30-09-2024 23:30,1,319.34,319.34
T00534,C0004,P097,01-10-2024 04:39,3,958.02,319.34
T00783,C0057,P097,01-10-2024 05:57,2,638.68,319.34
T00142,C0028,P080,01-10-2024 14:05,4,1214,303.5
T00150,C0166,P080,01-10-2024 17:22,1,303.5,303.5
T00171,C0028,P080,02-10-2024 16:00,1,303.5,303.5
T00247,C0187,P080,02-10-2024 16:46,1,303.5,303.5
T00473,C0066,P080,02-10-2024 22:07,2,607,303.5
T00489,C0039,P080,02-10-2024 22:44,4,1214,303.5
T00588,C0145,P080,03-10-2024 04:33,2,607,303.5
T00714,C0153,P080,03-10-2024 20:53,2,607,303.5
T00827,C0016,P080,04-10-2024 01:18,3,910.5,303.5
T00946,C0145,P080,04-10-2024 18:31,4,1214,303.5
T00147,C0117,P099,04-10-2024 20:42,4,1417.16,354.29
T00266,C0125,P099,04-10-2024 20:44,2,708.58,354.29
T00669,C0074,P099,05-10-2024 02:02,4,1417.16,354.29
T00825,C0070,P099,05-10-2024 06:56,1,354.29,354.29
T00148,C0002,P019,06-10-2024 06:02,2,770.74,385.37
T00192,C0079,P019,07-10-2024 04:07,4,1541.48,385.37
T00209,C0156,P019,07-10-2024 06:38,3,1156.11,385.37
T00264,C0170,P019,07-10-2024 07:58,4,1541.48,385.37
T00339,C0117,P019,07-10-2024 14:56,4,1541.48,385.37
T00375,C0082,P019,07-10-2024 17:48,4,1541.48,385.37
T00525,C0178,P019,07-10-2024 21:52,3,1156.11,385.37
T00535,C0059,P019,08-10-2024 06:27,4,1541.48,385.37
T00595,C0138,P019,08-10-2024 19:57,4,1541.48,385.37
T00836,C0076,P019,08-10-2024 21:31,1,385.37,385.37
T00976,C0109,P019,08-10-2024 23:58,2,770.74,385.37
T00154,C0040,P020,09-10-2024 13:52,4,1585.36,396.34
T00212,C0196,P020,10-10-2024 04:15,4,1585.36,396.34
T00259,C0006,P020,10-10-2024 12:25,4,1585.36,396.34
T00263,C0030,P020,11-10-2024 20:08,1,396.34,396.34
T00627,C0013,P020,11-10-2024 21:32,4,1585.36,396.34
T00788,C0114,P020,12-10-2024 03:12,3,1189.02,396.34
T00843,C0102,P020,12-10-2024 03:25,2,792.68,396.34
T00903,C0182,P020,12-10-2024 04:57,4,1585.36,396.34
T00911,C0067,P020,12-10-2024 06:41,3,1189.02,396.34
T00933,C0058,P020,12-10-2024 08:20,1,396.34,396.34
T00967,C0040,P020,13-10-2024 16:15,4,1585.36,396.34
T00983,C0046,P020,14-10-2024 15:50,4,1585.36,396.34
T00157,C0169,P044,15-10-2024 18:21,2,37.64,18.82
T00672,C0165,P044,16-10-2024 01:04,4,75.28,18.82
T00711,C0165,P044,16-10-2024 06:10,4,75.28,18.82
T00878,C0165,P044,17-10-2024 00:45,3,56.46,18.82
T00159,C0163,P002,17-10-2024 02:10,4,1385.2,346.3
T00248,C0067,P002,19-10-2024 00:46,4,1385.2,346.3
T00285,C0068,P002,20-10-2024 16:20,3,1038.9,346.3
T00402,C0031,P002,21-10-2024 04:58,2,692.6,346.3
T00648,C0003,P002,21-10-2024 06:20,4,1385.2,346.3
T00706,C0181,P002,21-10-2024 12:47,3,1038.9,346.3
T00717,C0186,P002,21-10-2024 20:29,2,692.6,346.3
T00780,C0102,P002,22-10-2024 02:45,3,1038.9,346.3
T00165,C0049,P056,22-10-2024 08:13,4,64.32,16.08
T00399,C0013,P056,22-10-2024 12:08,3,48.24,16.08
T00454,C0174,P056,22-10-2024 12:54,2,32.16,16.08
T00584,C0112,P056,22-10-2024 21:55,1,16.08,16.08
T00774,C0095,P056,23-10-2024 06:09,2,32.16,16.08
T00916,C0099,P056,23-10-2024 16:23,4,64.32,16.08
T00949,C0169,P056,23-10-2024 16:42,4,64.32,16.08
T00996,C0189,P056,23-10-2024 16:57,1,16.08,16.08
T00170,C0038,P082,23-10-2024 17:24,3,167.97,55.99
T00215,C0065,P082,24-10-2024 00:10,3,167.97,55.99
T00233,C0162,P082,24-10-2024 08:30,1,55.99,55.99
T00369,C0151,P082,24-10-2024 16:28,4,223.96,55.99
T00373,C0179,P082,26-10-2024 00:01,2,111.98,55.99
T00398,C0069,P082,27-10-2024 05:26,1,55.99,55.99
T00622,C0047,P082,27-10-2024 13:50,2,111.98,55.99
T00874,C0093,P082,28-10-2024 14:36,3,167.97,55.99
T00174,C0107,P012,29-10-2024 22:39,1,159.6,159.6
T00179,C0119,P012,30-10-2024 08:16,1,159.6,159.6
T00451,C0023,P012,30-10-2024 12:42,4,638.4,159.6
T00719,C0057,P012,01-11-2024 06:54,1,159.6,159.6
T00789,C0005,P012,01-11-2024 09:20,2,319.2,159.6
T00858,C0194,P012,01-11-2024 12:16,1,159.6,159.6
T00909,C0093,P012,01-11-2024 23:04,2,319.2,159.6
T00969,C0149,P012,02-11-2024 01:55,3,478.8,159.6
T00176,C0164,P075,02-11-2024 10:20,1,497.76,497.76
T00360,C0108,P075,02-11-2024 12:20,3,1493.28,497.76
T00367,C0161,P075,02-11-2024 17:04,2,995.52,497.76
T00643,C0137,P075,02-11-2024 19:35,3,1493.28,497.76
T00782,C0188,P075,02-11-2024 20:33,3,1493.28,497.76
T00805,C0038,P075,03-11-2024 05:30,3,1493.28,497.76
T00809,C0078,P075,04-11-2024 00:30,2,995.52,497.76
T00866,C0065,P075,04-11-2024 03:30,3,1493.28,497.76
T00876,C0044,P075,04-11-2024 07:25,2,995.52,497.76
T00928,C0082,P075,05-11-2024 07:32,4,1991.04,497.76
T00177,C0099,P005,07-11-2024 01:47,3,1287.93,429.31
T00183,C0030,P005,07-11-2024 02:48,3,1287.93,429.31
T00437,C0143,P005,08-11-2024 10:22,4,1717.24,429.31
T00468,C0061,P005,08-11-2024 12:43,2,858.62,429.31
T00483,C0194,P005,08-11-2024 14:50,3,1287.93,429.31
T00767,C0045,P005,08-11-2024 18:02,3,1287.93,429.31
T00855,C0107,P005,08-11-2024 20:46,3,1287.93,429.31
T00879,C0074,P005,09-11-2024 09:07,3,1287.93,429.31
T00185,C0108,P028,09-11-2024 20:42,4,942.32,235.58
T00229,C0038,P028,10-11-2024 08:32,3,706.74,235.58
T00305,C0127,P028,10-11-2024 10:56,4,942.32,235.58
T00332,C0145,P028,10-11-2024 18:24,4,942.32,235.58
T00393,C0147,P028,10-11-2024 19:32,3,706.74,235.58
T00520,C0052,P028,10-11-2024 22:04,1,235.58,235.58
T00527,C0110,P028,11-11-2024 03:36,4,942.32,235.58
T00582,C0177,P028,11-11-2024 10:44,2,471.16,235.58
T00736,C0195,P028,11-11-2024 16:53,4,942.32,235.58
T00756,C0028,P028,13-11-2024 04:56,3,706.74,235.58
T00851,C0059,P028,13-11-2024 14:33,3,706.74,235.58
T00915,C0163,P028,13-11-2024 17:36,3,706.74,235.58
T00196,C0104,P094,14-11-2024 13:58,2,894.68,447.34
T00370,C0143,P094,15-11-2024 23:35,3,1342.02,447.34
T00508,C0057,P094,16-11-2024 15:45,3,1342.02,447.34
T00707,C0170,P094,16-11-2024 18:14,3,1342.02,447.34
T00708,C0187,P094,17-11-2024 04:21,2,894.68,447.34
T00730,C0008,P094,17-11-2024 06:14,2,894.68,447.34
T00733,C0059,P094,17-11-2024 17:56,1,447.34,447.34
T00912,C0148,P094,20-11-2024 09:53,4,1789.36,447.34
T00918,C0103,P094,21-11-2024 12:52,2,894.68,447.34
T00966,C0154,P094,22-11-2024 19:56,2,894.68,447.34
T00974,C0143,P094,24-11-2024 11:49,3,1342.02,447.34
T00205,C0152,P079,24-11-2024 17:22,4,1669.48,417.37
T00274,C0196,P079,26-11-2024 07:35,1,417.37,417.37
T00294,C0123,P079,27-11-2024 05:40,3,1252.11,417.37
T00409,C0138,P079,27-11-2024 08:06,4,1669.48,417.37
T00427,C0113,P079,27-11-2024 10:42,4,1669.48,417.37
T00575,C0196,P079,27-11-2024 17:12,4,1669.48,417.37
T00617,C0048,P079,27-11-2024 20:42,3,1252.11,417.37
T00626,C0199,P079,28-11-2024 19:01,2,834.74,417.37
T00656,C0065,P079,29-11-2024 19:49,1,417.37,417.37
T00713,C0135,P079,29-11-2024 23:39,2,834.74,417.37
T00745,C0090,P079,30-11-2024 07:11,2,834.74,417.37
T00746,C0104,P079,01-12-2024 20:44,4,1669.48,417.37
T00766,C0138,P079,01-12-2024 22:55,1,417.37,417.37
T00823,C0095,P079,03-12-2024 01:41,3,1252.11,417.37
T00908,C0089,P079,03-12-2024 12:54,4,1669.48,417.37
T00964,C0047,P079,03-12-2024 17:26,1,417.37,417.37
T00214,C0056,P024,03-12-2024 18:01,2,677.32,338.66
T00249,C0075,P024,03-12-2024 21:22,3,1015.98,338.66
T00528,C0053,P024,03-12-2024 21:30,4,1354.64,338.66
T00817,C0108,P024,04-12-2024 20:50,2,677.32,338.66
T00847,C0004,P024,05-12-2024 01:12,1,338.66,338.66
T00219,C0019,P008,05-12-2024 07:49,1,146.85,146.85
T00385,C0072,P008,05-12-2024 17:47,2,293.7,146.85
T00611,C0084,P008,06-12-2024 01:59,2,293.7,146.85
T00660,C0057,P008,06-12-2024 16:22,3,440.55,146.85
T00701,C0175,P008,06-12-2024 19:03,2,293.7,146.85
T00757,C0022,P008,07-12-2024 12:23,2,293.7,146.85
T00781,C0182,P008,07-12-2024 17:57,1,146.85,146.85
T00934,C0154,P008,08-12-2024 09:46,2,293.7,146.85
T00963,C0199,P008,08-12-2024 14:38,2,293.7,146.85
T01000,C0004,P008,09-12-2024 11:44,2,293.7,146.85
T00238,C0031,P091,09-12-2024 14:58,2,445.9,222.95
T00257,C0051,P091,10-12-2024 01:50,1,222.95,222.95
T00260,C0059,P091,10-12-2024 06:40,4,891.8,222.95
T00384,C0073,P091,10-12-2024 16:00,4,891.8,222.95
T00646,C0036,P091,10-12-2024 21:53,3,668.85,222.95
T00793,C0054,P091,11-12-2024 03:05,3,668.85,222.95
T00798,C0015,P091,11-12-2024 13:46,3,668.85,222.95
T00241,C0109,P071,11-12-2024 17:46,3,382.08,127.36
T00441,C0133,P071,12-12-2024 03:38,4,509.44,127.36
T00559,C0134,P071,12-12-2024 12:17,1,127.36,127.36
T00591,C0161,P071,12-12-2024 13:59,3,382.08,127.36
T00675,C0002,P071,12-12-2024 18:55,2,254.72,127.36
T00777,C0049,P071,12-12-2024 18:56,2,254.72,127.36
T00890,C0176,P071,13-12-2024 17:21,4,509.44,127.36
T00980,C0147,P071,13-12-2024 21:18,1,127.36,127.36
T00244,C0158,P098,14-12-2024 00:46,1,299.93,299.93
T00302,C0051,P098,15-12-2024 00:35,1,299.93,299.93
T00412,C0126,P098,15-12-2024 01:23,2,599.86,299.93
T00543,C0127,P098,15-12-2024 03:43,3,899.79,299.93
T00654,C0054,P098,15-12-2024 04:43,4,1199.72,299.93
T00849,C0115,P098,15-12-2024 21:18,2,599.86,299.93
T00978,C0041,P098,16-12-2024 03:31,3,899.79,299.93
T00253,C0155,P026,16-12-2024 09:49,4,257.52,64.38
T00290,C0162,P026,16-12-2024 14:32,4,257.52,64.38
T00338,C0091,P026,16-12-2024 17:36,2,128.76,64.38
T00557,C0008,P026,17-12-2024 04:05,2,128.76,64.38
T00562,C0121,P026,17-12-2024 13:01,1,64.38,64.38
T00578,C0143,P026,17-12-2024 19:17,3,193.14,64.38
T00927,C0091,P026,17-12-2024 22:52,3,193.14,64.38
T00307,C0044,P045,18-12-2024 04:06,4,1927.12,481.78
T00502,C0181,P045,18-12-2024 04:17,1,481.78,481.78
T00598,C0149,P045,18-12-2024 11:46,2,963.56,481.78
T00621,C0099,P045,18-12-2024 17:13,2,963.56,481.78
T00625,C0124,P045,18-12-2024 18:28,2,963.56,481.78
T00663,C0054,P045,19-12-2024 17:58,3,1445.34,481.78
T00734,C0132,P045,21-12-2024 00:45,2,963.56,481.78
T00947,C0022,P045,21-12-2024 02:16,2,963.56,481.78
T00318,C0098,P046,22-12-2024 17:19,1,366.07,366.07
T00380,C0135,P046,23-12-2024 14:13,4,1464.28,366.07
T00464,C0188,P046,23-12-2024 18:22,2,732.14,366.07
T00500,C0145,P046,23-12-2024 18:36,3,1098.21,366.07
T00603,C0108,P046,23-12-2024 23:09,3,1098.21,366.07
T00769,C0011,P046,24-12-2024 11:40,4,1464.28,366.07
T00900,C0173,P046,24-12-2024 20:00,4,1464.28,366.07
T00943,C0133,P046,24-12-2024 23:45,1,366.07,366.07
T00379,C0004,P077,25-12-2024 00:52,4,1062.04,265.51
T00418,C0184,P077,25-12-2024 08:03,2,531.02,265.51
T00549,C0093,P077,25-12-2024 09:53,2,531.02,265.51
T00624,C0105,P077,25-12-2024 21:16,4,1062.04,265.51
T00778,C0175,P077,26-12-2024 01:49,4,1062.04,265.51
T00920,C0090,P077,26-12-2024 02:30,1,265.51,265.51
T00396,C0067,P037,26-12-2024 03:09,2,919.72,459.86
T00408,C0054,P037,26-12-2024 06:46,2,919.72,459.86
T00496,C0118,P037,26-12-2024 14:40,1,459.86,459.86
T00759,C0059,P037,26-12-2024 21:34,3,1379.58,459.86
T00922,C0018,P037,27-12-2024 17:31,4,1839.44,459.86
T00959,C0115,P037,27-12-2024 18:20,2,919.72,459.86
T00992,C0024,P037,28-12-2024 11:00,1,459.86,459.86
